# Retired evidence records: ID, title, where the durable fact lives now, reason.
# Read by tools/docs/gen_evidence_index.py. The full record is in git history.
RE-015	Unexplained horizontal drift *(RESOLVED — earlier hypothesis was wrong)*	git history	Original hypothesis (nub reads 0, not centred) was refuted by instrumentation; true cause of a one-off drift was never found.
RE-016	Measured frame budget at M1	RE-031	Superseded: frame-budget baseline measured on a 4-triangle placeholder scene; later records measure real ROM content on device.
RE-043	What is still white, measured	RE-047	Superseded: this snapshot's named white-surface causes (segment-0x0E pairing gaps) are fully resolved by RE-046/047 and RE-059/060; combiner work continued in RE-073/079/080.
RE-054	BattleShip cross-reference (R0.2)	RE-055	Research-leads record cross-referencing BattleShip; its S2DEX-BG lead was refuted by RE-055 and its transform/wrap-mode leads resolved by RE-062/066.
RE-056	A lead on the 4 MissingPalette cases (R0.3), not a fix	RE-057	Superseded: speculative "romtool dedup artifact" explanation for MissingPalette failures was replaced by RE-057's traced real cause.
RE-058	`WPAttributes` is a second, unscanned pairing shape	RE-059	Superseded: WPAttributes was proposed to explain file 353's gap but the real cause (EFDesc) was found in RE-059; WPAttributes itself remains unconfirmed.
RE-075	Blur/mirror order fixed for correctness, not confirmed visible	git history	Minor blur/mirror order correctness fix with a measured but screen-invisible effect at tested camera distance; not cited elsewhere.
RE-100	RE-099's "one full 300x220 capture" hypothesis was wrong	RE-464	Superseded: the record's own header states G_LOADTILE strip rows were missed; RE-464 fixes the capture to the full 300x220 photo.
RE-107	RE-101–RE-106 recovered and documented retroactively	RE-112	Superseded: its "black rectangle is real and still unexplained" backing-quad attribution is retracted by RE-112 (duplicate decode artifact, never reachable geometry).
RE-110	RE-109's fix confirmed on the real device: the previously-black region now renders the...	RE-112	Superseded: its "second defect, backing quad renders black" finding is retracted by RE-112 (the backing quad is unreachable duplicate scan geometry, never drawn).
RE-113	Four more transition files visually confirmed clean	RE-116	Superseded: file 46's "diagonal black banding" defect claim is retracted by RE-116 (same window-border pixel-census artifact RE-111 already ruled out, misapplied).
RE-114	All 13 transition files now accounted for: 9 confirmed clean, 3 blocked on the known ca...	RE-116	Superseded: this is an interim per-file accounting snapshot; final state (all 13 files confirmed correct) is recorded by RE-115/RE-116.
RE-128	RE-101/RE-102 confirmed correct on two real fighters' own face textures, and a real, un...	RE-152	Superseded: its own header states the R0.6 material/lighting attribution for Fox's black face is superseded by RE-152's geometric clamp-window fix.
RE-154	Four static `EFDesc` records recover file-84 common-effect materials (R0.6/R0.7)	RE-172	Superseded: its own header states the file-84 pairings used mistyped symbol names; offsets are wrong and corrected by RE-172, must not be reused.
RE-196	Reconciling R1's asset/material bullets against existing evidence (no code ch...	git history	Status-reconciliation audit restating already-established R0.3-R0.7 censuses; no new technical fact.
RE-197	Full regression stack rerun closes R1's "rendering regression suite passes" b...	docs/visual-regression/README.md	Regression-suite rerun confirmation (0 differing pixels); ongoing golden state tracked in visual-regression docs.
RE-203	All four golden regression scenes verified on physical PSP hardware (R2)	RE-271	Hardware confirmation of 4 golden scenes superseded by RE-271's exhaustive fighter/scene physical matrix.
RE-204	Framebuffer-effect sprite path and VRAM budget verified on physical PSP hardware (`PLAN...	RE-193	Inconclusive transient VRAM/framebuffer-effect hardware check; SObj wallpaper architecture fact already kept in RE-193.
RE-207	Sixth golden scene (Fox) verified on physical PSP hardware (R2)	RE-283	Fox "renders correctly" claim later found wrong; RE-283 found and fixed Fox's real wrist/texture defect.
RE-208	Seventh golden scene (Captain Falcon) verified on physical PSP hardware (R2)	RE-283	Captain Falcon "renders correctly" claim later found wrong; RE-283 found and fixed the shoulder-pad defect.
RE-209	Eighth golden scene (Kirby) verified on physical PSP hardware (R2)	RE-263	Kirby "renders correctly, no artefact" claim later found wrong; RE-263 found and fixed the real eye-spike artifact.
RE-210	Ninth golden scene (Ness) verified on physical PSP hardware (R2)	RE-283	Ness "renders correctly" golden claim superseded; RE-264/RE-283 found and fixed real Ness/Fox texture defects.
RE-212	Tenth golden scene (Donkey Kong) verified on physical PSP hardware	RE-267	DK "renders with correct colours" claim superseded; RE-267/RE-268/RE-269 found and fixed DK's real CI4/pitch/origin bugs.
RE-213	Texgen/mip physical capture	RE-214	Superseded: texgen basis assumptions (mode bits, matrix basis) were wrong; RE-214 explicitly supersedes this record's conclusions.
RE-234	Original-ROM stage-8 "VS Metal Mario" capture obtained via real 1P Mode play (`PLAN.md`...	RE-236	Intermediate original-ROM capture step for T8; superseded by RE-236's closure of the full T8 hardware comparison.
RE-235	Refreshed the metal-texgen PPSSPP goldens post-T7a, cross-checked against the RE-234 or...	RE-236	Intermediate PPSSPP-golden refresh step for T8; superseded by RE-236's closure of the full T8 hardware comparison.
RE-238	T10 texgen documentation/test cleanup: `romtool texgen --verify`, zero-normal coverage,...	git history	Documentation reconciliation pass; no separate durable fact here.
RE-258	Link's white tunic exposed missing costume-light-track propagation	RE-261	Superseded: hypothesis-only report of Link's white tunic; RE-261 found and fixed the real missing costume light-track cause.
RE-266	Capture identifiers name fighters and keep generic scenes contiguous	git history	Pure feature/scene renaming refactor; current source naming already reflects it, no technical fact to retain.
RE-270	Physical confirmation of RE-262/264/269's Fox, Ness, Link and Donkey Kong fixes, and Dr...	RE-271	Hardware confirmation of several fixes superseded by RE-271's broader exhaustive fighter physical matrix.
RE-275	angrylion-rdp-plus reference-render harness ported to RMG's sandbox, segfaults on plugi...	RE-276	Status CLOSED/superseded by its own text: angrylion-rdp-plus harness path abandoned; RE-276 used the Rice-based route instead.
RE-285	New stage golden: Peach's Castle (scene 10), physically confirmed	RE-286	Single-stage (Peach's Castle) golden addition subsumed by RE-286's complete 37-stage batch with corrected stage categorization.
RE-289	F1's `psp-game/` crate scaffolded: a second, independent EBOOT boots to an intro/menu s...	RE-297	Milestone: psp-game crate scaffolded with Intro/Menu/Training; architecture superseded by the psp-asset-viewer/psp-game/psp-runtime split.
RE-290	`psp-game`'s Menu -> Training confirm transition, pixel-confirmed via PPSSPPHeadless (c...	RE-316	Input-scripting mechanism for psp-game capture; superseded by RE-316's runtime scene-file selection replacing per-feature scripted ticks.
RE-291	`psp-game` loads and parses the real asset pack	RE-255	Duplicate: psp-game OutOfMemory from missing Psp.toml memsize=1 is the same root cause RE-255/256 already documented for psp/.
RE-292	`psp-game`'s 3D pipeline, mesh drawing and real gameplay slice ported from `psp/`	RE-297	psp-game 3D pipeline/meshdraw port milestone; the gu.rs/meshdraw.rs code was merged into shared psp-runtime by RE-297.
RE-293	`psp-game`'s Training Mode spawns a real, physics-ticked stationary dummy target	git history	Milestone: Training spawns a second stationary Fighter as dummy target; superseded by the full combat system (RE-349/350).
RE-296	First physical-PSP confirmation of `psp-game`	RE-341	First physical-PSP confirmation of psp-game milestone; its memsize OOM bug duplicates RE-255/256 and hardware work is superseded by RE-341/RE-360.
RE-298	PSP runtime refactor acceptance gate: software checks and physical-hardware smoke test...	D-044	Pure acceptance-gate report (software checks, EBOOT hashes) for the psp-runtime refactor; durable architecture fact lives in D-044.
RE-317	Attribution and rebaseline of the eight known-failing goldens	git history	Commit-by-commit bisection/audit log attributing 8 failing goldens to prior RE-304-310 changes; no new technical fact beyond those records.
RE-463	The golden matrix's drift since RE-444: three intended changes	RE-458; RE-449; RE-454	Golden-matrix drift audit confirming 116 differences were caused by RE-458/RE-449/RE-454; no new durable fact beyond those records.
